{
  "age": {
    "count": 13418.0,
    "mean": -9999.0,
    "std": 0.0,
    "min": -9999.0,
    "25%": -9999.0,
    "50%": -9999.0,
    "75%": -9999.0,
    "max": -9999.0
  },
  "balance": {
    "count": 13418.0,
    "mean": 1377.595021612759,
    "std": 3155.8865412624177,
    "min": -6847.0,
    "25%": 73.25,
    "50%": 450.0,
    "75%": 1405.0,
    "max": 102127.0
  },
  "day": {
    "count": 13418.0,
    "mean": 15.800715456849009,
    "std": 8.330752634204657,
    "min": 1.0,
    "25%": 8.0,
    "50%": 16.0,
    "75%": 21.0,
    "max": 31.0
  },
  "month": {
    "count": 13418.0,
    "mean": 5.502161275898048,
    "std": 2.9938502135818124,
    "min": 0.0,
    "25%": 3.0,
    "50%": 6.0,
    "75%": 8.0,
    "max": 11.0
  },
  "duration": {
    "count": 13418.0,
    "mean": 257.3326874347891,
    "std": 254.1937642202299,
    "min": 4.0,
    "25%": 102.0,
    "50%": 179.0,
    "75%": 319.0,
    "max": 3785.0
  },
  "campaign": {
    "count": 13418.0,
    "mean": 1.827023401401103,
    "std": 0.757734278515721,
    "min": 1.0,
    "25%": 1.0,
    "50%": 2.0,
    "75%": 2.0,
    "max": 3.0
  },
  "pdays": {
    "count": 13418.0,
    "mean": 39.632657624087045,
    "std": 99.46142453118125,
    "min": -1.0,
    "25%": -1.0,
    "50%": -1.0,
    "75%": -1.0,
    "max": 850.0
  },
  "previous": {
    "count": 13418.0,
    "mean": 0.568415561186466,
    "std": 1.8868984256027692,
    "min": 0.0,
    "25%": 0.0,
    "50%": 0.0,
    "75%": 0.0,
    "max": 58.0
  },
  "bin_age": {
    "count": 13418.0,
    "mean": 0.0,
    "std": 0.0,
    "min": 0.0,
    "25%": 0.0,
    "50%": 0.0,
    "75%": 0.0,
    "max": 0.0
  },
  "Neg_Balance": {
    "count": 13418.0,
    "mean": 0.9139961246087346,
    "std": 0.280380219676398,
    "min": 0.0,
    "25%": 1.0,
    "50%": 1.0,
    "75%": 1.0,
    "max": 1.0
  },
  "No_Balance": {
    "count": 13418.0,
    "mean": 0.0,
    "std": 0.0,
    "min": 0.0,
    "25%": 0.0,
    "50%": 0.0,
    "75%": 0.0,
    "max": 0.0
  },
  "Pos_Balance": {
    "count": 13418.0,
    "mean": 0.0,
    "std": 0.0,
    "min": 0.0,
    "25%": 0.0,
    "50%": 0.0,
    "75%": 0.0,
    "max": 0.0
  },
  "bin_Balance": {
    "count": 13418.0,
    "mean": 2.2877478014607244,
    "std": 1.4298327469752834,
    "min": 0.0,
    "25%": 1.0,
    "50%": 2.0,
    "75%": 3.0,
    "max": 5.0
  },
  "mean_balance_bin_age": {
    "count": 13418.0,
    "mean": 1345.3444906537877,
    "std": 2.2738214862795775e-13,
    "min": 1345.3444906537875,
    "25%": 1345.3444906537875,
    "50%": 1345.3444906537875,
    "75%": 1345.3444906537875,
    "max": 1345.3444906537875
  },
  "std_balance_bin_age": {
    "count": 13418.0,
    "mean": 2983.219087307731,
    "std": 4.547642972559155e-13,
    "min": 2983.2190873077307,
    "25%": 2983.2190873077307,
    "50%": 2983.2190873077307,
    "75%": 2983.2190873077307,
    "max": 2983.2190873077307
  },
  "z_score_bin_age": {
    "count": 13418.0,
    "mean": -0.010810647832129707,
    "std": 1.0578795753517771,
    "min": -33.78285421212518,
    "25%": -0.0199970258972999,
    "50%": 0.3001269650167766,
    "75%": 0.42641671745329857,
    "max": 2.7461424222942816
  },
  "job_admin.": {
    "count": 13418.0,
    "mean": 0.11611268445371889,
    "std": 0.3203719373681863,
    "min": 0.0,
    "25%": 0.0,
    "50%": 0.0,
    "75%": 0.0,
    "max": 1.0
  },
  "job_blue-collar": {
    "count": 13418.0,
    "mean": 0.212624832314801,
    "std": 0.40917965597372563,
    "min": 0.0,
    "25%": 0.0,
    "50%": 0.0,
    "75%": 0.0,
    "max": 1.0
  },
  "job_entrepreneur": {
    "count": 13418.0,
    "mean": 0.03383514681770756,
    "std": 0.180811410434485,
    "min": 0.0,
    "25%": 0.0,
    "50%": 0.0,
    "75%": 0.0,
    "max": 1.0
  },
  "job_housemaid": {
    "count": 13418.0,
    "mean": 0.02981070204203309,
    "std": 0.17007110192814112,
    "min": 0.0,
    "25%": 0.0,
    "50%": 0.0,
    "75%": 0.0,
    "max": 1.0
  },
  "job_management": {
    "count": 13418.0,
    "mean": 0.21038902966164852,
    "std": 0.40760013196250194,
    "min": 0.0,
    "25%": 0.0,
    "50%": 0.0,
    "75%": 0.0,
    "max": 1.0
  },
  "job_retired": {
    "count": 13418.0,
    "mean": 0.04158592934863616,
    "std": 0.19964846713365655,
    "min": 0.0,
    "25%": 0.0,
    "50%": 0.0,
    "75%": 0.0,
    "max": 1.0
  },
  "job_self-employed": {
    "count": 13418.0,
    "mean": 0.036145476225965124,
    "std": 0.18665898693625757,
    "min": 0.0,
    "25%": 0.0,
    "50%": 0.0,
    "75%": 0.0,
    "max": 1.0
  },
  "job_services": {
    "count": 13418.0,
    "mean": 0.09069906096288567,
    "std": 0.28719137902666525,
    "min": 0.0,
    "25%": 0.0,
    "50%": 0.0,
    "75%": 0.0,
    "max": 1.0
  },
  "job_student": {
    "count": 13418.0,
    "mean": 0.02019675063347742,
    "std": 0.14067806085321388,
    "min": 0.0,
    "25%": 0.0,
    "50%": 0.0,
    "75%": 0.0,
    "max": 1.0
  },
  "job_technician": {
    "count": 13418.0,
    "mean": 0.174765240721419,
    "std": 0.37978033201045125,
    "min": 0.0,
    "25%": 0.0,
    "50%": 0.0,
    "75%": 0.0,
    "max": 1.0
  },
  "job_unemployed": {
    "count": 13418.0,
    "mean": 0.027723952899090774,
    "std": 0.16418691902262653,
    "min": 0.0,
    "25%": 0.0,
    "50%": 0.0,
    "75%": 0.0,
    "max": 1.0
  },
  "job_unknown": {
    "count": 13418.0,
    "mean": 0.006111193918616783,
    "std": 0.07793779523035545,
    "min": 0.0,
    "25%": 0.0,
    "50%": 0.0,
    "75%": 0.0,
    "max": 1.0
  },
  "marital_divorced": {
    "count": 13418.0,
    "mean": 0.11208823967804442,
    "std": 0.3154867413890243,
    "min": 0.0,
    "25%": 0.0,
    "50%": 0.0,
    "75%": 0.0,
    "max": 1.0
  },
  "marital_married": {
    "count": 13418.0,
    "mean": 0.6028469220450141,
    "std": 0.4893264302473262,
    "min": 0.0,
    "25%": 0.0,
    "50%": 1.0,
    "75%": 1.0,
    "max": 1.0
  },
  "marital_single": {
    "count": 13418.0,
    "mean": 0.2850648382769414,
    "std": 0.4514621425481708,
    "min": 0.0,
    "25%": 0.0,
    "50%": 0.0,
    "75%": 1.0,
    "max": 1.0
  },
  "education_primary": {
    "count": 13418.0,
    "mean": 0.14823371590400955,
    "std": 0.35534475071204674,
    "min": 0.0,
    "25%": 0.0,
    "50%": 0.0,
    "75%": 0.0,
    "max": 1.0
  },
  "education_secondary": {
    "count": 13418.0,
    "mean": 0.5127440751229692,
    "std": 0.499856188840149,
    "min": 0.0,
    "25%": 0.0,
    "50%": 1.0,
    "75%": 1.0,
    "max": 1.0
  },
  "education_tertiary": {
    "count": 13418.0,
    "mean": 0.29825607393054104,
    "std": 0.45750954947511296,
    "min": 0.0,
    "25%": 0.0,
    "50%": 0.0,
    "75%": 1.0,
    "max": 1.0
  },
  "education_unknown": {
    "count": 13418.0,
    "mean": 0.04076613504248025,
    "std": 0.1977553331943152,
    "min": 0.0,
    "25%": 0.0,
    "50%": 0.0,
    "75%": 0.0,
    "max": 1.0
  },
  "default_no": {
    "count": 13418.0,
    "mean": 0.9821135787747801,
    "std": 0.13254360200545928,
    "min": 0.0,
    "25%": 1.0,
    "50%": 1.0,
    "75%": 1.0,
    "max": 1.0
  },
  "default_yes": {
    "count": 13418.0,
    "mean": 0.017886421225219853,
    "std": 0.13254360200545928,
    "min": 0.0,
    "25%": 0.0,
    "50%": 0.0,
    "75%": 0.0,
    "max": 1.0
  },
  "housing_no": {
    "count": 13418.0,
    "mean": 0.44678789685497095,
    "std": 0.4971789357122904,
    "min": 0.0,
    "25%": 0.0,
    "50%": 0.0,
    "75%": 1.0,
    "max": 1.0
  },
  "housing_yes": {
    "count": 13418.0,
    "mean": 0.5532121031450291,
    "std": 0.49717893571229044,
    "min": 0.0,
    "25%": 0.0,
    "50%": 1.0,
    "75%": 1.0,
    "max": 1.0
  },
  "loan_no": {
    "count": 13418.0,